Model,Samples,PD_Cases,Contaminated,Accuracy,Precision,Recall,ROC_AUC
WITH Imputation,6581,178,Maybe,99.39,100.0,77.78,0.9343
NO Imputation,3279,115,YES (135 codes),96.49,84.38,93.1,0.9855
ULTRA-CLEAN (THIS),3144,115,NO,99.74554707379136,100.0,93.10344827586206,0.9841479524438574
