Metric,PD,Normal,Difference
Count,115.0,3164.0,-3049.0
Mean,152.69565217391303,574.0063211125158,-421.3106689386028
Std,33.21214390604043,6154.668203508815,-6121.456059602775
Min,110.0,68.0,42.0
1%,110.0,98.0,12.0
5%,110.0,110.0,0.0
10%,118.0,120.0,-2.0
25%,120.0,140.0,-20.0
50%,139.0,165.0,-26.0
75%,166.5,199.0,-32.5
90%,200.0,235.0,-35.0
95%,225.0,250.0,-25.0
99%,225.0,300.0,-75.0
Max,225.0,99999.0,-99774.0
